"","Region","meanweek","errweek"
"1","Southern",28.5,1.45487685618635
"2","Tropics",28.1034482758621,2.74056591706509
"3","Northern",9.35714285714286,2.0586130860514
